Correlation cophenetic	Correlation bakers gamma
0.6318115935635373	0.5847627427842542