Correlation cophenetic	Correlation bakers gamma
0.5877474104765018	0.578009905740281