Correlation cophenetic	Correlation bakers gamma
0.463462527521106	0.509719955511478