Correlation cophenetic	Correlation bakers gamma
0.44770005883985725	0.4025660781217426