Correlation cophenetic	Correlation bakers gamma
0.8171673308417836	0.5599988836781643