Correlation cophenetic	Correlation bakers gamma
0.3849793295710476	0.47116039498176204