"","Cor_cophenetic","Cor_bakers_gamma"
"1",0.0280961182970954,0.0940960621694204
