Correlation cophenetic	Correlation bakers gamma
0.23462398338487123	0.2395304161145582