Correlation cophenetic	Correlation bakers gamma
0.4552318769362872	0.4370854831035657