Correlation cophenetic	Correlation bakers gamma
0.3102719227822994	0.1721965593618438