Correlation cophenetic	Correlation bakers gamma
0.7300173629451604	0.5910295874548679