Correlation cophenetic	Correlation bakers gamma
0.7847719036783695	0.5671607960512417