Correlation cophenetic	Correlation bakers gamma
0.3746112210545758	0.45328303956723015