Correlation cophenetic	Correlation bakers gamma
0.5181385175602775	0.5647471385119918