Correlation cophenetic	Correlation bakers gamma
0.4246646081499658	0.49485016562028106