Correlation cophenetic	Correlation bakers gamma
0.46964427876193515	0.4475528874337472