"","Cor_cophenetic","Cor_bakers_gamma"
"1",0.145508222418348,0.225063159171712
