Correlation cophenetic	Correlation bakers gamma
0.6427311010966399	0.6251292971981288