Correlation cophenetic	Correlation bakers gamma
0.6006051031434753	0.5729360382609388