Correlation cophenetic	Correlation bakers gamma
0.4589836628449808	0.47230057505975714