Correlation cophenetic	Correlation bakers gamma
0.5749004610698739	0.549052141471108