Correlation cophenetic	Correlation bakers gamma
0.5586791654309707	0.5422279672435563