Correlation cophenetic	Correlation bakers gamma
0.42121180602025987	0.4515971997374335