Correlation cophenetic	Correlation bakers gamma
0.7707751445172091	0.489269611564043