Correlation cophenetic	Correlation bakers gamma
0.4844659261404231	0.5510290362192668