Correlation cophenetic	Correlation bakers gamma
0.6638683520060398	0.6096806990232714