Correlation cophenetic	Correlation bakers gamma
0.240713338322663	0.21047983718788318