Correlation cophenetic	Correlation bakers gamma
0.5776180165237741	0.5430803659477971