Correlation cophenetic	Correlation bakers gamma
0.7232976410910472	0.5881508766543314