Correlation cophenetic	Correlation bakers gamma
0.5973622048517128	0.5614750631831662