Correlation cophenetic	Correlation bakers gamma
0.7161709641016583	0.5939153876473677