Correlation cophenetic	Correlation bakers gamma
0.7476444773435426	0.5456552729026117