Correlation cophenetic	Correlation bakers gamma
0.7348379636507604	0.6391299858372349