Correlation cophenetic	Correlation bakers gamma
0.09412466261125015	0.14967959323822347