Correlation cophenetic	Correlation bakers gamma
0.7394908082983419	0.5389830912931696